cell_cell_repulsion_strength,cell_cell_adhesion_strength
3.1305168927325018,0.2266177933993805
6.583019662953035,0.41330196828747395
8.312551285070388,0.015442111538410462
