Unnamed: 0,concentration,concentration
0,7699074073.999999,7699074073.999999
1,6935956790.0,6926697530.5
2,6466820987.5,6441358024.5
3,6006944444.5,5977623456.5
4,5581018518.5,5546296296.5
5,5187500000.0,5168981481.5
6,4837191358.0,4803240741.0
7,4489969136.0,4479166667.0
8,4159722222.500001,4159722222.5000005
9,3851851852.0,3851851852.0
10,3577932099.0,3580246913.5
11,3321759259.0,3332561728.5
12,3080246913.5,3107253086.5
13,2884259259.5,2892746913.5
