cell_cell_repulsion_strength,cell_cell_adhesion_strength
5.7788377003225415,0.05567276712848548
3.0511907951644286,0.3809160920485433
