cell_cell_repulsion_strength,cell_cell_adhesion_strength
5.7788377003225415,0.0556727671284854
3.0511907951644286,0.3809160920485433
