cell_cell_repulsion_strength,cell_cell_adhesion_strength
6.77207015211592,0.33581892671335156
3.5120965462638227,0.5546229127400352
7.284917813716587,0.08014615605434612
